<?xml version="1.0" encoding="UTF-8" ?>
<!-- This is a WordPress eXtended RSS file generated by WordPress as an export of your site. -->
<!-- It contains information about your site's posts, pages, comments, categories, and other content. -->
<!-- You may use this file to transfer that content from one site to another. -->
<!-- This file is not intended to serve as a complete backup of your site. -->

<!-- To import this information into a WordPress site follow these steps: -->
<!-- 1. Log in to that site as an administrator. -->
<!-- 2. Go to Tools: Import in the WordPress admin panel. -->
<!-- 3. Install the "WordPress" importer from the list. -->
<!-- 4. Activate & Run Importer. -->
<!-- 5. Upload this file using the form provided on that page. -->
<!-- 6. You will first be asked to map the authors in this export file to users -->
<!--    on the site. For each author, you may choose to map to an -->
<!--    existing user on the site or to create a new user. -->
<!-- 7. WordPress will then import each of the posts, pages, comments, categories, etc. -->
<!--    contained in this file into your site. -->

<!-- generator="WordPress/4.1" created="2015-02-02 12:08" -->
<rss version="2.0"
	xmlns:excerpt="http://wordpress.org/export/1.1/excerpt/"
	xmlns:content="http://purl.org/rss/1.0/modules/content/"
	xmlns:wfw="http://wellformedweb.org/CommentAPI/"
	xmlns:dc="http://purl.org/dc/elements/1.1/"
	xmlns:wp="http://wordpress.org/export/1.1/"
>

<channel>
	<title>WordPress</title>
	<link>http://wordpress.local</link>
	<description>Just another WordPress site</description>
	<pubDate>Mon, 02 Feb 2015 12:08:37 +0000</pubDate>
	<language></language>
	<wp:wxr_version>1.1</wp:wxr_version>
	<wp:base_site_url>http://wordpress.local</wp:base_site_url>
	<wp:base_blog_url>http://wordpress.local</wp:base_blog_url>
	<wp:author><wp:author_id>1</wp:author_id><wp:author_login>danielpataki</wp:author_login><wp:author_email>me@danielpataki.com</wp:author_email><wp:author_display_name><![CDATA[danielpataki]]></wp:author_display_name><wp:author_first_name><![CDATA[]]></wp:author_first_name><wp:author_last_name><![CDATA[]]></wp:author_last_name></wp:author>
	<item>
		<title>Post Settings</title>
		<link>http://wordpress.local/?acf=acf_post-settings</link>
		<pubDate>Mon, 02 Feb 2015 09:33:15 +0000</pubDate>
		<dc:creator>danielpataki</dc:creator>
		<guid isPermaLink="false">http://wordpress.local/?post_type=acf&#038;p=169</guid>
		<wp:post_id>169</wp:post_id>
		<wp:post_date>2015-02-02 09:33:15</wp:post_date>
		<wp:post_date_gmt>2015-02-02 09:33:15</wp:post_date_gmt>
		<wp:comment_status>closed</wp:comment_status>
		<wp:ping_status>closed</wp:ping_status>
		<wp:post_name>acf_post-settings</wp:post_name>
		<wp:status>publish</wp:status>
		<wp:post_parent>0</wp:post_parent>
		<wp:menu_order>0</wp:menu_order>
		<wp:post_type>acf</wp:post_type>
		<wp:post_password></wp:post_password>
		<wp:postmeta>
			<wp:meta_key>_edit_last</wp:meta_key>
			<wp:meta_value><![CDATA[1]]></wp:meta_value>
		</wp:postmeta>
		<wp:postmeta>
			<wp:meta_key>field_54cf43cdb9a65</wp:meta_key>
			<wp:meta_value><![CDATA[a:12:{s:3:"key";s:19:"field_54cf43cdb9a65";s:5:"label";s:8:"Order By";s:4:"name";s:8:"order_by";s:4:"type";s:6:"select";s:12:"instructions";s:37:"Set how you would like to order posts";s:8:"required";s:1:"0";s:7:"choices";a:5:{s:9:"post_date";s:14:"Date Published";s:8:"modified";s:13:"Date Modified";s:5:"title";s:8:"By Title";s:4:"rand";s:6:"Random";s:0:"";s:0:"";}s:13:"default_value";s:9:"post_date";s:10:"allow_null";s:1:"0";s:8:"multiple";s:1:"0";s:17:"conditional_logic";a:3:{s:6:"status";s:1:"0";s:5:"rules";a:1:{i:0;a:3:{s:5:"field";s:4:"null";s:8:"operator";s:2:"==";s:5:"value";s:0:"";}}s:8:"allorany";s:3:"all";}s:8:"order_no";i:0;}]]></wp:meta_value>
		</wp:postmeta>
		<wp:postmeta>
			<wp:meta_key>field_54cf4427b9a66</wp:meta_key>
			<wp:meta_value><![CDATA[a:13:{s:3:"key";s:19:"field_54cf4427b9a66";s:5:"label";s:5:"Order";s:4:"name";s:5:"order";s:4:"type";s:5:"radio";s:12:"instructions";s:26:"Set the ordering direction";s:8:"required";s:1:"0";s:7:"choices";a:2:{s:4:"DESC";s:10:"Descending";s:3:"ASC";s:9:"Ascending";}s:12:"other_choice";s:1:"0";s:17:"save_other_choice";s:1:"0";s:13:"default_value";s:4:"DESC";s:6:"layout";s:8:"vertical";s:17:"conditional_logic";a:3:{s:6:"status";s:1:"0";s:5:"rules";a:1:{i:0;a:3:{s:5:"field";s:19:"field_54cf43cdb9a65";s:8:"operator";s:2:"==";s:5:"value";s:0:"";}}s:8:"allorany";s:3:"all";}s:8:"order_no";i:1;}]]></wp:meta_value>
		</wp:postmeta>
		<wp:postmeta>
			<wp:meta_key>position</wp:meta_key>
			<wp:meta_value><![CDATA[normal]]></wp:meta_value>
		</wp:postmeta>
		<wp:postmeta>
			<wp:meta_key>layout</wp:meta_key>
			<wp:meta_value><![CDATA[default]]></wp:meta_value>
		</wp:postmeta>
		<wp:postmeta>
			<wp:meta_key>hide_on_screen</wp:meta_key>
			<wp:meta_value><![CDATA[]]></wp:meta_value>
		</wp:postmeta>
		<wp:postmeta>
			<wp:meta_key>rule</wp:meta_key>
			<wp:meta_value><![CDATA[a:5:{s:5:"param";s:9:"post_type";s:8:"operator";s:2:"==";s:5:"value";s:4:"page";s:8:"order_no";i:0;s:8:"group_no";i:0;}]]></wp:meta_value>
		</wp:postmeta>
	</item>
</channel>
</rss>
